molecule_chembl_id;canonical_smiles;standard_value;bioactivity_class
CHEMBL175236;CC[C@H](C)C(=O)O[C@H]1C[C@@H](C)C=C2C=C[C@H](C)[C@H](CC[C@@H](O)C[C@@H](O)CC(=O)[O-])[C@H]21.[Na+];29.0;active
CHEMBL503;CC[C@H](C)C(=O)O[C@H]1C[C@@H](C)C=C2C=C[C@H](C)[C@H](CC[C@@H]3C[C@@H](O)CC(=O)O3)[C@H]21;37.0;active
CHEMBL115307;CC[C@H](C)C(=O)O[C@H]1C[C@H](O)C[C@@H]2C=C[C@H](C)[C@H](CCC3C[C@@H](O)CC(=O)O3)[C@@H]12;1400.0;active
CHEMBL487720;CCC(C)(C)C(=O)O[C@H]1C[C@@H](C)C=C2C=C[C@H](C)[C@H](CC[C@@H](O)C[C@@H](O)CC(=O)[O-])[C@H]21.[Na+];12.0;active
CHEMBL323880;CC[C@H](C)C(=O)O[C@H]1C[C@H](O)C[C@@H]2C=C[C@H](C)[C@H](CC[C@H](O)C[C@H](O)CC(=O)[O-])[C@@H]12.[Na+];2220.0;active
CHEMBL690;CC[C@H](C)C(=O)O[C@H]1C[C@H](O)C=C2C=C[C@H](C)[C@H](CC[C@@H](O)C[C@@H](O)CC(=O)[O-])[C@H]21.[Na+];1370.0;active
CHEMBL11804;Cn1nnnc1C(/C=C/[C@@H](O)C[C@@H](O)CC(=O)[O-])=C(c1ccc(F)cc1)c1ccc(F)cc1.[Na+];3000.0;active
CHEMBL11804;Cn1nnnc1C(/C=C/[C@@H](O)C[C@@H](O)CC(=O)[O-])=C(c1ccc(F)cc1)c1ccc(F)cc1.[Na+];1600.0;active
CHEMBL11804;Cn1nnnc1C(/C=C/[C@@H](O)C[C@@H](O)CC(=O)[O-])=C(c1ccc(F)cc1)c1ccc(F)cc1.[Na+];1340.0;active
CHEMBL11891;O=C([O-])C[C@H](O)C[C@H](O)/C=C/C(=C(c1ccc(F)cc1)c1ccc(F)cc1)n1cnnn1.[Na+];1720.0;active
CHEMBL276717;Cc1nnnn1C(/C=C/[C@@H](O)C[C@@H](O)CC(=O)[O-])=C(c1ccc(F)cc1)c1ccc(F)cc1.[Na+];1290.0;active
CHEMBL503;CC[C@H](C)C(=O)O[C@H]1C[C@@H](C)C=C2C=C[C@H](C)[C@H](CC[C@@H]3C[C@@H](O)CC(=O)O3)[C@H]21;39.0;active
CHEMBL503;CC[C@H](C)C(=O)O[C@H]1C[C@@H](C)C=C2C=C[C@H](C)[C@H](CC[C@@H]3C[C@@H](O)CC(=O)O3)[C@H]21;0.05;active
CHEMBL162642;CC(C)c1c(/C=C/[C@@H](O)C[C@@H](O)CC(=O)[O-])c(-c2ccc(F)cc2)cn1-c1ccccc1.[Na+];0.014;active
CHEMBL348798;CC(C)c1c(CC[C@@H](O)C[C@@H](O)CC(=O)[O-])c(-c2ccc(F)cc2)cn1C(C)C.[Na+];0.002;active
CHEMBL159951;CC(C)c1c(CC[C@@H](O)C[C@@H](O)CC(=O)[O-])c(-c2ccc(F)cc2)cn1C1CCCCC1.[Na+];0.018;inactive
CHEMBL345375;Cc1c(/C=C/[C@@H](O)C[C@@H](O)CC(=O)[O-])c(-c2ccc(F)cc2)cn1C(C)C.[Na+];6.0;active
CHEMBL159103;Cc1c(/C=C/[C@@H](O)C[C@@H](O)CC(=O)[O-])c(-c2ccc(F)cc2)c(C)n1-c1ccccc1.[Na+];5.0;inactive
CHEMBL2375156;Cc1c(/C=C/[C@H](O)C[C@@H](O)CC(=O)[O-])c(-c2ccc(F)cc2)cn1-c1ccccc1.[Na+];0.83;inactive
CHEMBL163277;Cc1c(CC[C@@H](O)C[C@@H](O)CC(=O)[O-])c(-c2ccc(F)cc2)cn1C(C)C.[Na+];0.27;inactive
CHEMBL2375155;CC(C)c1c(/C=C/[C@H](O)C[C@@H](O)CC(=O)[O-])c(-c2ccc(F)cc2)cn1C1CCCCC1.[Na+];0.106;active
CHEMBL160102;CC(C)c1c(/C=C/[C@@H](O)C[C@@H](O)CC(=O)[O-])c(-c2ccc(F)cc2)cn1C(C)C.[Na+];0.05;active
CHEMBL161829;Cc1c(CC[C@@H](O)C[C@@H](O)CC(=O)[O-])c(-c2ccc(F)cc2)c(C)n1-c1ccccc1.[Na+];0.57;active
CHEMBL2110171;CC(C)c1c(CCC(O)CC(O)CC(=O)[O-])c(-c2ccc(F)cc2)cn1-c1ccccc1.[Na+];0.01;active
CHEMBL133834;CC(C)CCC[C@@H](C)[C@H]1CC[C@@]2(C(C)O)C3=CCC4C(C)(C)[C@@H](O)CC[C@]4(C)C3CC[C@]12C;1500.0;inactive
CHEMBL133834;CC(C)CCC[C@@H](C)[C@H]1CC[C@@]2(C(C)O)C3=CCC4C(C)(C)[C@@H](O)CC[C@]4(C)C3CC[C@]12C;20000.0;active
CHEMBL133434;CC(=O)[C@@]12CC[C@H]([C@H](C)CCCC(C)C)[C@@]1(C)CCC1C2=CCC2C(C)(C)[C@@H](O)CC[C@]12C;1000.0;active
CHEMBL133434;CC(=O)[C@@]12CC[C@H]([C@H](C)CCCC(C)C)[C@@]1(C)CCC1C2=CCC2C(C)(C)[C@@H](O)CC[C@]12C;20000.0;inactive
CHEMBL133834;CC(C)CCC[C@@H](C)[C@H]1CC[C@@]2(C(C)O)C3=CCC4C(C)(C)[C@@H](O)CC[C@]4(C)C3CC[C@]12C;3000.0;active
CHEMBL133834;CC(C)CCC[C@@H](C)[C@H]1CC[C@@]2(C(C)O)C3=CCC4C(C)(C)[C@@H](O)CC[C@]4(C)C3CC[C@]12C;20000.0;inactive
CHEMBL74667;CC(C)(O)CCCCc1cccc(/C=C/[C@]2(C)CC[C@@H](O)CC2)c1;10000.0;active
CHEMBL169046;C[C@H](CCCC(C)(C)O)[C@H]1CC[C@H]2[C@@H]3CC=C4C[C@@H](O)CC[C@]4(C)[C@H]3CC[C@]12C;300.0;active
CHEMBL101824;Cc1cc(C)c(OCC2C[C@@H](O)CC(=O)O2)c(C(Cl)C2CCCCC2)c1;6500.0;active
CHEMBL101497;CC(C)c1c(OCC(O)C[C@@H](O)CC(=O)[O-])c(-c2ccc(F)cc2)nc2ccccc12.[Na+];250.0;active
CHEMBL329307;CC(C)c1cc(-c2ccc(F)cc2)cc(-c2ccc(F)cc2)c1OCC(O)C[C@@H](O)CC(=O)[O-].[Na+];55.0;inactive
CHEMBL102168;CC(C)c1cc(Sc2ccc(F)cc2)cc(-c2ccc(F)cc2)c1OCC(O)C[C@@H](O)CC(=O)[O-].[Na+];0.5;active
CHEMBL102199;Cc1c(OCC(O)C[C@@H](O)CC(=O)[O-])c(C(c2ccc(F)cc2)c2ccc(F)cc2)cc2ccccc12.[Na+];20000.0;active
CHEMBL318707;CC(C)c1cc(-c2ccc(F)cc2)c(OCC2C[C@@H](O)CC(=O)O2)c(C(C)C)c1;1.8;inactive
CHEMBL321076;CC(C)c1cc(SC(C)(C)Sc2cc(-c3ccc(F)cc3)c(OC[C@H](O)C[C@@H](O)CC(=O)[O-])c(C(C)C)c2)cc(-c2ccc(F)cc2)c1OC[C@H](O)C[C@@H](O)CC(=O)[O-].[Na+].[Na+];1000.0;active
CHEMBL101600;CCC(C)(C)C(=O)NC(c1cc(C)cc(C)c1OCC(O)C[C@@H](O)CC(=O)[O-])C1CCCCC1.[Na+];15000.0;active
CHEMBL103139;Cc1c(OCC(O)C[C@@H](O)CC(=O)[O-])c(-c2ccc(F)cc2)nc2ccccc12.[Na+];5000.0;active
CHEMBL100165;CC(C)c1cc(-c2ccc(F)cc2)c(OCC(O)C[C@@H](O)CC(=O)[O-])c(C(C)C)c1.[Na+];30.0;active
CHEMBL101831;CC(C)c1cc(SC(C)(C)Sc2cc(-c3ccc(F)cc3)c(OCC(O)C[C@@H](O)CC(=O)[O-])c(C(C)C)c2)cc(-c2ccc(F)cc2)c1[O-].[Na+].[Na+];1700.0;active
CHEMBL101600;CCC(C)(C)C(=O)NC(c1cc(C)cc(C)c1OCC(O)C[C@@H](O)CC(=O)[O-])C1CCCCC1.[Na+];10000.0;active
CHEMBL99838;CC(C)c1cc(-c2ccccc2)cc(CC2CCCCC2)c1OCC(O)C[C@@H](O)CC(=O)[O-].[Na+];100.0;active
CHEMBL321768;CC(C)c1c(O)c(C(C)C)c(C(C)C)c(OCC(O)C[C@@H](O)CC(=O)[O-])c1-c1ccc(F)cc1.[Na+];5.6;active
CHEMBL503;CC[C@H](C)C(=O)O[C@H]1C[C@@H](C)C=C2C=C[C@H](C)[C@H](CC[C@@H]3C[C@@H](O)CC(=O)O3)[C@H]21;50.0;active
CHEMBL317142;CC(C)c1c(OCC(O)C[C@@H](O)CC(=O)[O-])c(C(c2ccc(F)cc2)c2ccc(F)cc2)cc2ccccc12.[Na+];3500.0;active
CHEMBL102112;Cc1nc2ccccc2c(-c2ccccc2)c1OCC(O)C[C@@H](O)CC(=O)[O-].[Na+];5000.0;active
CHEMBL321713;O=C([O-])C[C@H](O)CC(O)COc1c(Cl)cc(Cl)cc1C(F)(F)C1CCCCC1.[Na+];2500.0;active
CHEMBL317777;CC(C)c1cc(C(C)(C)C)cc(-c2ccc(F)cc2)c1OCC(O)C[C@@H](O)CC(=O)[O-].[Na+];500.0;active
CHEMBL323344;CCC(C)(C)OC(=O)C(c1cc(C)cc(C)c1OCC(O)C[C@@H](O)CC(=O)[O-])C1CCCCC1.[Na+];1700.0;active
CHEMBL323344;CCC(C)(C)OC(=O)C(c1cc(C)cc(C)c1OCC(O)C[C@@H](O)CC(=O)[O-])C1CCCCC1.[Na+];12000.0;active
CHEMBL177545;CC(=O)[O-].CC(C)c1c(OC[C@@H](O)C[C@@H](O)CC(=O)[O-])c(C(C)C)c(C(C)C)c(O)c1-c1ccc(F)cc1.[Na+].[Na+];4.1;active
CHEMBL151437;CCC[C@@H]1CC[C@H](C)[C@H](CC[C@@H](O)C[C@@H](O)CC(=O)O)[C@H]1COC(=O)C(C)(C)CC;8.0;active
CHEMBL149702;CCC[C@@H]1CCC[C@H](CC[C@@H](O)C[C@@H](O)CC(=O)O)[C@H]1COC(=O)C(C)(C)CC;1700.0;active
CHEMBL147231;CCC(C)(C)C(=O)OC[C@H]1CCCC[C@@H]1CCC(O)C[C@@H](O)CC(=O)O;4600.0;active
CHEMBL149701;C[C@H]1C=CC[C@H](COC(=O)C(C)(C)C)[C@H]1CCC(O)CC(O)CC(=O)O;1500000.0;active
CHEMBL146964;CCC[C@@H]1CCC[C@H](/C=C/[C@@H](O)C[C@@H](O)CC(=O)O)[C@H]1COC(=O)C(C)(C)CC;4900.0;active
CHEMBL2368189;CC(C)c1nc(C2CCCCC2)nc(-c2ccc(F)cc2)c1/C=C/[C@@H]1C[C@@H](O)CC(=O)O1;26.0;active
CHEMBL2368201;O=C1C[C@H](O)C[C@@H](/C=C/c2c(-c3ccc(F)cc3)cc(-c3ccccc3)nc2C2CCCCC2)O1;5000.0;active
CHEMBL2368185;CC(C)c1nc(-c2ccc(F)cc2)nc(-c2ccc(F)cc2)c1/C=C/[C@@H]1C[C@@H](O)CC(=O)O1;18.0;active
CHEMBL503;CC[C@H](C)C(=O)O[C@H]1C[C@@H](C)C=C2C=C[C@H](C)[C@H](CC[C@@H]3C[C@@H](O)CC(=O)O3)[C@H]21;50.0;active
CHEMBL2368188;CC(C)c1nc(-c2ccccc2)nc(-c2ccc(F)cc2)c1/C=C/[C@@H]1C[C@@H](O)CC(=O)O1;5.0;active
CHEMBL2368197;CC(C)c1nc(C(C)(C)C)cc(-c2ccc(F)cc2)c1/C=C/[C@@H]1C[C@@H](O)CC(=O)O1;20.0;active
CHEMBL2111271;Cc1cc(-c2ccc(F)cc2)c(/C=C/[C@@H]2C[C@@H](O)CC(=O)O2)c(C)n1;2000.0;active
CHEMBL2368190;CC(C)c1nc(-c2ccc(F)cc2)c(/C=C/[C@@H]2C[C@@H](O)CC(=O)O2)c(C(C)C)n1;4.8;active
CHEMBL2368198;Cc1cc(-c2ccc(F)cc2)c(/C=C/[C@@H]2C[C@@H](O)CC(=O)O2)c(C(C)C)n1;50.0;active
CHEMBL2111238;Cc1nc(-c2ccccc2)cc(-c2ccc(F)cc2)c1/C=C\[C@@H]1C[C@@H](O)CC(=O)O1;5000.0;active
CHEMBL2111268;Cc1nc(-c2ccccc2)cc(-c2ccc(F)cc2)c1/C=C/[C@@H]1C[C@@H](O)CC(=O)O1;90.0;active
CHEMBL2368199;CC(C)c1nc(-c2ccccc2)cc(-c2ccc(F)cc2)c1/C=C/[C@@H]1C[C@@H](O)CC(=O)O1;5.0;active
CHEMBL156695;CC(C)c1nc(-c2ccccc2)cc(-c2ccc(F)cc2)c1CCC1C[C@@H](O)CC(=O)O1;370.0;active
CHEMBL2368200;CC(C)c1cc(-c2ccccc2)nc(-c2ccc(F)cc2)c1/C=C/[C@@H]1C[C@@H](O)CC(=O)O1;10.0;active
CHEMBL2368205;Cc1ccc(C)c(-c2cc(-c3ccc(F)cc3)c(/C=C/[C@@H]3C[C@@H](O)CC(=O)O3)c(C(C)C)n2)c1;20.0;active
CHEMBL2368194;COc1ccc(-c2cc(-c3ccccc3)nc(C(C)C)c2/C=C/[C@@H]2C[C@@H](O)CC(=O)O2)cc1;150.0;active
CHEMBL2368202;CC(C)c1nc(-c2ccc(F)cc2)cc(-c2ccc(F)cc2)c1/C=C/[C@@H]1C[C@@H](O)CC(=O)O1;7.5;active
CHEMBL2368191;CC(C)c1nc(C2CCCCC2)cc(-c2ccc(F)cc2)c1/C=C/[C@@H]1C[C@@H](O)CC(=O)O1;9.5;active
CHEMBL503;CC[C@H](C)C(=O)O[C@H]1C[C@@H](C)C=C2C=C[C@H](C)[C@H](CC[C@@H]3C[C@@H](O)CC(=O)O3)[C@H]21;20.0;active
CHEMBL65037;CC(C)c1nn(-c2ccccn2)c(-c2ccc(F)cc2)c1CCC(O)C[C@@H](O)CC(=O)[O-].[Na+];110.0;active
CHEMBL303515;CC[C@H](C)C(=O)O[C@H]1C[C@@H](C)C=C2C=C[C@H](C)[C@H](CCC(O)C[C@@H](O)CC(=O)[O-])[C@H]21.[Na+];20.0;active
CHEMBL333443;CC[C@H](C)C(=O)O[C@H]1C[C@@H](C)C=C2C=C[C@H](C)[C@H](CC[C@@H]3C[C@@H](O)CC(=O)O3)C21;18.0;active
CHEMBL54440;CC[C@H](C)C(=O)O[C@H]1CCC=C2C=C[C@H](C)[C@H](CC[C@@H]3C[C@@H](O)CC(=O)O3)[C@H]21;28.4;active
CHEMBL2367477;CC(C)c1nn(-c2ccccn2)c(-c2ccc(F)cc2)c1/C=C/[C@@H](O)C[C@@H](O)CC(=O)[O-].[Na+];24.0;active
CHEMBL2367475;CC(C)c1nn(-c2ccc3ccccc3n2)c(-c2ccc(F)cc2)c1/C=C/[C@@H](O)C[C@@H](O)CC(=O)[O-].[Na+];62.0;active
CHEMBL2367477;CC(C)c1nn(-c2ccccn2)c(-c2ccc(F)cc2)c1/C=C/[C@@H](O)C[C@@H](O)CC(=O)[O-].[Na+];8.0;active
CHEMBL2367472;CC(C)c1nn(-c2cnccn2)c(-c2ccc(F)cc2)c1/C=C/[C@@H](O)C[C@@H](O)CC(=O)[O-].[Na+];7.0;active
CHEMBL3349825;CCC(C)(C)C(=O)O[C@@H]1C2C(=C[C@H](C)[C@H]1[C@@H](O)c1ccccc1)C=C[C@H](C)[C@@H]2CC[C@@H]1C[C@@H](O)CC(=O)O1;19.7;active
CHEMBL2367478;CC(C)c1nn(-c2ccccc2)c(-c2ccc(F)cc2)c1/C=C/[C@@H](O)C[C@@H](O)CC(=O)[O-].[Na+];7.0;active
CHEMBL2367471;CC(C)c1nn(-c2nc3ccccc3s2)c(-c2ccc(F)cc2)c1/C=C/[C@@H](O)C[C@@H](O)CC(=O)[O-].[Na+];59.0;active
CHEMBL1144;CC[C@H](C)C(=O)O[C@H]1C[C@H](O)C=C2C=C[C@H](C)[C@H](CC[C@@H](O)C[C@@H](O)CC(=O)O)[C@H]21;30.0;active
CHEMBL3349824;CCC(C)(C)C(=O)O[C@@H]1C2C(=C[C@H](C)[C@@H]1O)C=C[C@H](C)[C@@H]2CC[C@@H]1C[C@@H](O)CC(=O)O1;13.3;active
CHEMBL3349827;CCC(C)(C)C(=O)O[C@@H]1C2C(=C[C@H](C)[C@H]1[C@H](C)O)C=C[C@H](C)[C@@H]2CC[C@@H]1C[C@@H](O)CC(=O)O1;7.6;active
CHEMBL2367472;CC(C)c1nn(-c2cnccn2)c(-c2ccc(F)cc2)c1/C=C/[C@@H](O)C[C@@H](O)CC(=O)[O-].[Na+];66.0;active
CHEMBL2367470;O=C([O-])C[C@H](O)C[C@H](O)/C=C/c1c(C(F)(F)F)nn(-c2ccccn2)c1-c1ccc(F)cc1.[Na+];17.0;active
CHEMBL64962;CC(C)c1nn(-c2ccccc2)c(-c2ccc(F)cc2)c1CCC(O)C[C@@H](O)CC(=O)[O-].[Na+];40.0;active
CHEMBL690;CC[C@H](C)C(=O)O[C@H]1C[C@H](O)C=C2C=C[C@H](C)[C@H](CC[C@@H](O)C[C@@H](O)CC(=O)[O-])[C@H]21.[Na+];30.0;active
CHEMBL3349828;CCC(C)(C)C(=O)O[C@@H]1C2C(=C[C@H](C)[C@H]1CO)C=C[C@H](C)[C@@H]2CC[C@@H]1C[C@@H](O)CC(=O)O1;10.8;active
CHEMBL3349544;CCC(C)(C)C(=O)O[C@H]1C[C@@H](C)C=C2C=C[C@H](C)[C@H](CC[C@@H]3C[C@@H](O)CC(=O)O3)C21;12.1;active
CHEMBL50444;CC(O)(CC(=O)O)CC(=O)O;4000.0;active
CHEMBL1064;CCC(C)(C)C(=O)O[C@H]1C[C@@H](C)C=C2C=C[C@H](C)[C@H](CC[C@@H]3C[C@@H](O)CC(=O)O3)[C@H]21;11.2;active
CHEMBL1496;CC(C)c1nc(N(C)S(C)(=O)=O)nc(-c2ccc(F)cc2)c1/C=C/[C@@H](O)C[C@@H](O)CC(=O)O;5.4;active
CHEMBL1161645;Cc1cc(F)ccc1-c1c(-c2ccc(F)cc2)nc(C(C)C)n1/C=C/[C@@H](O)C[C@@H](O)CC(=O)O;8.4;active
CHEMBL1161650;Cc1cc(-c2c(-c3ccc(F)cc3)nc(C(C)C)n2/C=C/[C@@H](O)C[C@@H](O)CC(=O)O)cc(C)c1F;7.52;active
CHEMBL1161653;CCc1cc(-c2c(-c3ccc(F)cc3)nc(C(C)C)n2/C=C/[C@@H](O)C[C@@H](O)CC(=O)O)cc(CC)c1F;7.0;active
CHEMBL1161657;Cc1cc(-c2nc(C(C)C)n(/C=C/[C@@H](O)C[C@@H](O)CC(=O)O)c2-c2ccc(F)cc2)cc(C)c1Cl;8.7;active
CHEMBL1161662;CC(C)c1nc(-c2cccnc2)c(-c2ccc(F)cc2)n1/C=C/[C@@H](O)C[C@@H](O)CC(=O)O;9.0;active
CHEMBL1161641;CC(C)c1nc(-c2cccc(S(C)(=O)=O)c2)c(-c2ccc(F)cc2)n1/C=C/[C@@H](O)C[C@@H](O)CC(=O)O;8.7;active
CHEMBL1161647;CNc1cccc(-c2nc(C(C)C)n(/C=C/[C@@H](O)C[C@@H](O)CC(=O)O)c2-c2ccc(F)cc2)c1;8.52;active
CHEMBL1161659;CC(C)c1nc(-c2ccc(F)cc2)c(-c2ccc(F)cc2)n1/C=C/[C@H](O)C[C@H](O)CC(=O)O;6.15;active
CHEMBL1161663;CC(C)c1nc(-c2ccc(F)cc2)c(-c2ccc(F)cc2)n1/C=C/[C@H](O)C[C@@H](O)CC(=O)O;5.7;active
CHEMBL333760;CC(C)c1nc(-c2ccc(F)cc2)c(-c2ccc(F)cc2)n1/C=C/[C@@H](O)C[C@@H](O)CC(=O)O;9.0;active
CHEMBL1161644;CC(C)c1cc(-c2ccc(F)cc2)c(-c2ccc(F)cc2)n1/C=C/[C@@H](O)C[C@@H](O)CC(=O)O;8.7;active
CHEMBL1161649;CC(C)c1cc(-c2ccccc2)c(-c2ccc(F)cc2)n1/C=C/[C@@H](O)C[C@@H](O)CC(=O)O;8.7;active
CHEMBL1161654;CC(C)c1cc(-c2cccc(Cl)c2)c(-c2ccc(F)cc2)n1/C=C/[C@@H](O)C[C@@H](O)CC(=O)O;8.7;active
CHEMBL1161658;CC(C)c1cc(-c2cccc(Br)c2)c(-c2ccc(F)cc2)n1/C=C/[C@@H](O)C[C@@H](O)CC(=O)O;9.3;active
CHEMBL1161661;CC(C)c1cc(-c2ccncc2)c(-c2ccc(F)cc2)n1/C=C/[C@@H](O)C[C@@H](O)CC(=O)O;8.3;active
CHEMBL1161665;CC(C)c1cc(-c2ccccn2)c(-c2ccc(F)cc2)n1/C=C/[C@@H](O)C[C@@H](O)CC(=O)O;8.7;active
CHEMBL1161642;CC(C)c1c(Br)c(-c2ccc(F)cc2)c(-c2ccc(F)cc2)n1/C=C/[C@@H](O)C[C@@H](O)CC(=O)O;9.52;active
CHEMBL1161646;CC(C)c1cc(-c2ccc(F)cc2)c(-c2ccccc2)n1/C=C/[C@@H](O)C[C@@H](O)CC(=O)O;7.6;active
CHEMBL1161651;CC(C)c1cc(-c2ccc(F)cc2)c(-c2cccc(Cl)c2)n1/C=C/[C@@H](O)C[C@@H](O)CC(=O)O;7.15;active
CHEMBL1161655;CC(C)c1cc(-c2ccc(F)cc2)c(-c2cccc(Br)c2)n1/C=C/[C@@H](O)C[C@@H](O)CC(=O)O;7.16;active
CHEMBL1161644;CC(C)c1cc(-c2ccc(F)cc2)c(-c2ccc(F)cc2)n1/C=C/[C@@H](O)C[C@@H](O)CC(=O)O;6.98;active
CHEMBL54440;CC[C@H](C)C(=O)O[C@H]1CCC=C2C=C[C@H](C)[C@H](CC[C@@H]3C[C@@H](O)CC(=O)O3)[C@H]21;23.0;active
CHEMBL1064;CCC(C)(C)C(=O)O[C@H]1C[C@@H](C)C=C2C=C[C@H](C)[C@H](CC[C@@H]3C[C@@H](O)CC(=O)O3)[C@H]21;11.0;active
CHEMBL2220442;CC(C)n1c(/C=C/C(O)CC(O)CC(=O)O)c(-c2ccc(F)cc2)c2ccccc21;28.0;active
CHEMBL1477;COCc1c(C(C)C)nc(C(C)C)c(/C=C/[C@@H](O)C[C@@H](O)CC(=O)O)c1-c1ccc(F)cc1;10.0;active
CHEMBL1487;CC(C)c1c(C(=O)Nc2ccccc2)c(-c2ccccc2)c(-c2ccc(F)cc2)n1CC[C@@H](O)C[C@@H](O)CC(=O)O;6.0;active
CHEMBL1496;CC(C)c1nc(N(C)S(C)(=O)=O)nc(-c2ccc(F)cc2)c1/C=C/[C@@H](O)C[C@@H](O)CC(=O)O;5.0;active
CHEMBL1161639;O=C(O)C[C@H](O)C[C@H](O)/C=C/n1c(C(F)(F)F)nc(-c2ccc(F)cc2)c1-c1ccc(F)cc1;7.89;active
CHEMBL1161643;Cc1nc(-c2ccc(F)cc2)c(-c2ccc(F)cc2)n1/C=C/[C@@H](O)C[C@@H](O)CC(=O)O;7.0;active
CHEMBL1161648;CC(C)(C)c1nc(-c2ccc(F)cc2)c(-c2ccc(F)cc2)n1/C=C/[C@@H](O)C[C@@H](O)CC(=O)O;8.15;active
CHEMBL1161652;CN(C)c1nc(-c2ccc(F)cc2)c(-c2ccc(F)cc2)n1/C=C/[C@@H](O)C[C@@H](O)CC(=O)O;8.04;active
CHEMBL1161656;CC(C)c1c(-c2ccc(F)cc2)nc(-c2ccc(F)cc2)n1/C=C/[C@@H](O)C[C@@H](O)CC(=O)O;9.0;active
CHEMBL1161660;CC(C)c1nc(-c2ccc(F)cc2)c(-c2cccc(Cl)c2)n1/C=C/[C@@H](O)C[C@@H](O)CC(=O)O;8.1;active
CHEMBL1161664;CC(C)c1nc(-c2ccc(F)cc2)c(-c2cc(Cl)cc(Cl)c2)n1/C=C/[C@@H](O)C[C@@H](O)CC(=O)O;7.66;active
CHEMBL1161640;Cc1cc(C)cc(-c2c(-c3ccc(F)cc3)nc(C(C)C)n2/C=C/[C@@H](O)C[C@@H](O)CC(=O)O)c1;7.25;active
CHEMBL1064;CCC(C)(C)C(=O)O[C@H]1C[C@@H](C)C=C2C=C[C@H](C)[C@H](CC[C@@H]3C[C@@H](O)CC(=O)O3)[C@H]21;49.0;active
CHEMBL391002;CC(C)n1c(CC[C@@H](O)C[C@@H](O)CC(=O)O)c(-c2ccc(F)cc2)c(-c2ccccc2)c1C(=O)N(C)Cc1ccccc1;3.0;active
CHEMBL387514;CC(C)n1c(CC[C@@H](O)C[C@@H](O)CC(=O)[O-])c(-c2ccc(F)cc2)c2c1C(=O)N(Cc1ccccc1)CCC2.[Na+];3.5;active
CHEMBL228955;CC(C)n1c(CC[C@@H](O)C[C@@H](O)CC(=O)[O-])c(-c2ccc(F)cc2)c2c1C(=O)N(c1ccccc1)CCC2.[Na+];0.3;active
CHEMBL228954;CC(C)n1c(CC[C@@H](O)C[C@@H](O)CC(=O)[O-])c(-c2ccc(F)cc2)c2c3ccccc3[nH]c(=O)c21.[Na+];11.7;active
CHEMBL389443;CC(C)n1c(CC[C@@H](O)C[C@@H](O)CC(=O)[O-])c(-c2ccc(F)cc2)c2c3ccccc3n(Cc3ccc(F)cc3)c(=O)c21.[Na+];4.7;active
CHEMBL228583;CC(C)n1c(CC[C@@H](O)C[C@@H](O)CC(=O)[O-])c(-c2ccc(F)cc2)c2c3ccccc3n(Cc3cccc(F)c3)c(=O)c21.[Na+];37.4;active
CHEMBL389442;CC(C)n1c(CC[C@@H](O)C[C@@H](O)CC(=O)[O-])c(-c2ccc(F)cc2)c2c3ccccc3n(Cc3ccccc3F)c(=O)c21.[Na+];3.0;active
CHEMBL389441;CC(C)n1c(CC[C@@H](O)C[C@@H](O)CC(=O)[O-])c(-c2ccc(F)cc2)c2c3ccccc3n(Cc3ccccc3)c(=O)c21.[Na+];13.9;active
CHEMBL389217;CC(C)n1c(CC[C@@H](O)C[C@@H](O)CC(=O)[O-])c(-c2ccc(F)cc2)c2c3ccccc3n(-c3ccc(F)cc3)c(=O)c21.[Na+];16.4;active
CHEMBL389216;CC(C)n1c(CC[C@@H](O)C[C@@H](O)CC(=O)[O-])c(-c2ccc(F)cc2)c2c3ccccc3n(-c3cccc(Cl)c3)c(=O)c21.[Na+];2.9;active
CHEMBL228528;CC(C)n1c(CC[C@@H](O)C[C@@H](O)CC(=O)[O-])c(-c2ccc(F)cc2)c2c3ccccc3n(-c3cccc(F)c3)c(=O)c21.[Na+];1.9;active
CHEMBL228667;CC(C)n1c(CC[C@@H](O)C[C@@H](O)CC(=O)[O-])c(-c2ccc(F)cc2)c2c1C(=O)N(c1ccccc1)Cc1ccccc1-2.[Na+];9.6;active
CHEMBL438662;CC(C)n1c(CC[C@@H](O)C[C@@H](O)CC(=O)[O-])c(-c2ccc(F)cc2)c2c3ccccc3n(-c3ccccc3)c(=O)c21.[Na+];16.7;active
CHEMBL389002;CC(C)n1c(CC[C@@H](O)C[C@@H](O)CC(=O)O)c(-c2ccc(F)cc2)c(-c2ccc(F)cc2)c1C(=O)Nc1ccccc1;1.8;active
CHEMBL1064;CCC(C)(C)C(=O)O[C@H]1C[C@@H](C)C=C2C=C[C@H](C)[C@H](CC[C@@H]3C[C@@H](O)CC(=O)O3)[C@H]21;49.0;active
CHEMBL250707;CC(C)n1c(CC[C@@H](O)C[C@@H](O)CC(=O)[O-])c(-c2ccc(F)cc2)c(-c2ccccc2)c1C(=O)NC1CC1.[Na+];3.8;active
CHEMBL250500;CC(C)NC(=O)c1c(-c2ccccc2)c(-c2ccc(F)cc2)c(CC[C@@H](O)C[C@@H](O)CC(=O)[O-])n1C(C)C.[Na+];15.0;active
CHEMBL250090;CC(C)n1c(CC[C@@H](O)C[C@@H](O)CC(=O)[O-])c(-c2ccc(F)cc2)c(-c2ccccc2)c1C(=O)N(C)C.[Na+];20.0;active
CHEMBL249884;CCNC(=O)c1c(-c2ccccc2)c(-c2ccc(F)cc2)c(CC[C@@H](O)C[C@@H](O)CC(=O)[O-])n1C(C)C.[Na+];12.0;active
CHEMBL399771;CNC(=O)c1c(-c2ccccc2)c(-c2ccc(F)cc2)c(CC[C@@H](O)C[C@@H](O)CC(=O)[O-])n1C(C)C.[Na+];8.8;active
CHEMBL438694;CC(C)n1c(CC[C@@H](O)C[C@@H](O)CC(=O)[O-])c(-c2ccc(F)cc2)c(-c2ccccc2)c1C(N)=O.[Na+];3.0;active
CHEMBL249273;Cc1cnc(CNC(=O)c2c(-c3ccccc3)c(-c3ccc(F)cc3)c(CC[C@@H](O)C[C@@H](O)CC(=O)[O-])n2C(C)C)[nH]1.[Na+];3.4;active
CHEMBL400560;Cc1cc(CNC(=O)c2c(-c3ccccc3)c(-c3ccc(F)cc3)c(CC[C@@H](O)C[C@@H](O)CC(=O)[O-])n2C(C)C)n[nH]1.[Na+];2.6;active
CHEMBL398551;Cc1cc(CNC(=O)c2c(-c3ccccc3)c(-c3ccc(F)cc3)c(CC[C@@H](O)C[C@@H](O)CC(=O)[O-])n2C(C)C)nn1C.[Na+];0.6;inactive
CHEMBL398240;CC(C)n1c(CC[C@@H](O)C[C@@H](O)CC(=O)[O-])c(-c2ccc(F)cc2)c(-c2ccccc2)c1C(=O)NCc1ccccn1.[Na+];0.8;inactive
CHEMBL398239;Cc1csc(CNC(=O)c2c(-c3ccccc3)c(-c3ccc(F)cc3)c(CC[C@@H](O)C[C@@H](O)CC(=O)[O-])n2C(C)C)n1.[Na+];1.5;inactive
CHEMBL401293;CC(C)n1c(CC[C@@H](O)C[C@@H](O)CC(=O)[O-])c(-c2ccc(F)cc2)c(-c2ccccc2)c1C(=O)NCc1ccc(C(=O)O)cc1.[Na+];2.2;inactive
CHEMBL251499;CC(C)n1c(CC[C@@H](O)C[C@@H](O)CC(=O)[O-])c(-c2ccc(F)cc2)c(-c2ccccc2)c1C(=O)NCc1ccc(C(=O)N(C)C)cc1.[Na+];1.2;inactive
CHEMBL249906;CC(C)n1c(CC[C@@H](O)C[C@@H](O)CC(=O)[O-])c(-c2ccc(F)cc2)c(-c2ccccc2)c1C(=O)NCc1cccc(C(N)=O)c1.[Na+];1.2;inactive
CHEMBL400874;CC(C)n1c(CC[C@@H](O)C[C@@H](O)CC(=O)[O-])c(-c2ccc(F)cc2)c(-c2ccccc2)c1C(=O)NCc1ccc(C#N)cc1.[Na+];0.2;inactive
CHEMBL399315;COc1cccc(CNC(=O)c2c(-c3ccccc3)c(-c3ccc(F)cc3)c(CC[C@@H](O)C[C@@H](O)CC(=O)[O-])n2C(C)C)c1.[Na+];1.8;inactive
CHEMBL250749;COCc1ccc(CNC(=O)c2c(-c3ccccc3)c(-c3ccc(F)cc3)c(CC[C@@H](O)C[C@@H](O)CC(=O)[O-])n2C(C)C)cc1.[Na+];0.7;inactive
CHEMBL249724;COc1ccc(CNC(=O)c2c(-c3ccccc3)c(-c3ccc(F)cc3)c(CC[C@@H](O)C[C@@H](O)CC(=O)[O-])n2C(C)C)cc1.[Na+];0.8;inactive
CHEMBL399313;CC(C)n1c(CC[C@@H](O)C[C@@H](O)CC(=O)[O-])c(-c2ccc(F)cc2)c(-c2ccccc2)c1C(=O)NCc1ccccc1.[Na+];0.8;inactive
CHEMBL437774;CC(C)n1c(CC[C@@H](O)C[C@@H](O)CC(=O)[O-])c(-c2ccc(F)cc2)c(-c2ccccc2)c1C(=O)Nc1ccc(C(=O)O)cc1.[Na+];0.3;inactive
CHEMBL250953;CC(C)n1c(CC[C@@H](O)C[C@@H](O)CC(=O)[O-])c(-c2ccc(F)cc2)c(-c2ccccc2)c1C(=O)Nc1ccc(S(N)(=O)=O)cc1.[Na+];2.9;inactive
CHEMBL403127;CC(C)n1c(CC[C@@H](O)C[C@@H](O)CC(=O)[O-])c(-c2ccc(F)cc2)c(-c2ccccc2)c1C(=O)Nc1ccc(C(=O)N(C)C)cc1.[Na+];1.4;inactive
CHEMBL250317;CC(C)n1c(CC[C@@H](O)C[C@@H](O)CC(=O)[O-])c(-c2ccc(F)cc2)c(-c2ccccc2)c1C(=O)Nc1ccc(C(N)=O)cc1.[Na+];0.3;active
CHEMBL399773;CC(C)n1c(CC[C@@H](O)C[C@@H](O)CC(=O)[O-])c(-c2ccc(F)cc2)c(-c2ccc(F)cc2)c1C(=O)Nc1cccc(C(=O)N(C)C)c1.[Na+];0.3;inactive
CHEMBL400973;CC(C)n1c(CC[C@@H](O)C[C@@H](O)CC(=O)[O-])c(-c2ccc(F)cc2)c(-c2ccccc2)c1C(=O)Nc1ccc(O)cc1.[Na+];0.4;inactive
CHEMBL400747;CC(C)n1c(CC[C@@H](O)C[C@@H](O)CC(=O)[O-])c(-c2ccc(F)cc2)c(-c2ccc(F)cc2)c1C(=O)Nc1cccc(O)c1.[Na+];0.7;inactive
CHEMBL394937;CC(C)n1c(CC[C@@H](O)C[C@@H](O)CC(=O)[O-])c(-c2ccc(F)cc2)c(-c2ccccc2)c1C(=O)Nc1ccccc1.[Na+];1.8;inactive
CHEMBL399360;CC(C)n1c(CC[C@@H](O)C[C@@H](O)CC(=O)[O-])c(-c2ccc(F)cc2)c(-c2ccc(F)cc2)c1C(=O)Nc1ccccc1.[Na+];12.4;active
CHEMBL250088;COc1cccc(NC(=O)c2c(-c3ccc(F)cc3)c(-c3ccc(F)cc3)c(CC[C@@H](O)C[C@@H](O)CC(=O)[O-])n2C(C)C)c1.[Na+];6.6;active
CHEMBL1496;CC(C)c1nc(N(C)S(C)(=O)=O)nc(-c2ccc(F)cc2)c1/C=C/[C@@H](O)C[C@@H](O)CC(=O)O;3.1;active
CHEMBL478969;CCCCCC[C@@H]1C[C@@H]1CCCCCCCCCC(=O)OCC(O)COP(=O)([O-])OCC[N+](C)(C)C;60.0;active
CHEMBL482601;CCCCCCCCC#C/C=C\CCCCCC(=O)O;3000.0;active
CHEMBL504781;CCCCCCCCC#CC#C/C=C\CCCC(=O)O;1500.0;inactive
CHEMBL489540;CCCCCCCCC#CC#C/C=C/CCCC(=O)O;500.0;inactive
CHEMBL501307;CCCCC#CC#CCCCCCC(=O)O;3000.0;active
CHEMBL485858;CCCCCCCCC#CC#CCCCCCC(=O)O;5000.0;active
CHEMBL482804;CCCCCCCCC#CCCCCCCCC(=O)O;5000.0;active
CHEMBL482803;CCCCCCCCC#C/C=C/CCCCCC(=O)O;2000.0;active
CHEMBL448462;CCCCCCCCC#CC#CC(O)CCCCC(=O)O;7000.0;active
CHEMBL483819;CCCCCCCCC#CC#CC1OC1CCCC(=O)O;5000.0;active
CHEMBL503;CC[C@H](C)C(=O)O[C@H]1C[C@@H](C)C=C2C=C[C@H](C)[C@H](CC[C@@H]3C[C@@H](O)CC(=O)O3)[C@H]21;2.0;inactive
CHEMBL595988;O=C1C[C@H](O)C[C@@H](/C=C/c2c(C3CC3)nc3ccccc3c2Sc2ccc(F)cc2)O1;62400.0;inactive
CHEMBL605514;CC(C)c1ccc(Sc2c(/C=C/[C@@H]3C[C@@H](O)CC(=O)O3)c(C3CC3)nc3ccccc23)cc1;11300.0;inactive
CHEMBL606813;O=C1C[C@H](O)C[C@@H](/C=C/c2c(C3CC3)nc3ccc(F)cc3c2Sc2ccc(F)cc2)O1;6930.0;inactive
CHEMBL594813;COc1cccc(Sc2c(/C=C/[C@@H]3C[C@@H](O)CC(=O)O3)c(C3CC3)nc3ccc(F)cc23)c1;5610.0;inactive
CHEMBL606359;COc1ccc2nc(C3CC3)c(/C=C/[C@@H]3C[C@@H](O)CC(=O)O3)c(Sc3ccc(F)cc3)c2c1;25700.0;active
CHEMBL594578;COc1ccc2nc(C3CC3)c(/C=C/[C@@H]3C[C@@H](O)CC(=O)O3)c(Sc3ccc(C(C)C)cc3)c2c1;41300.0;active
CHEMBL595754;COc1cccc(Sc2c(/C=C/[C@@H]3C[C@@H](O)CC(=O)O3)c(C3CC3)nc3cc(F)c(F)cc23)c1;359600.0;active
CHEMBL595984;CC(C)c1ccc(Sc2c(/C=C/[C@@H]3C[C@@H](O)CC(=O)O3)c(C3CC3)nc3cc(F)c(F)cc23)cc1;759000.0;active
CHEMBL593686;O=C1C[C@H](O)C[C@@H](/C=C/c2c(C3CC3)nc3cc(Sc4ccc(F)cc4)c(F)cc3c2Sc2ccc(F)cc2)O1;45700.0;active
CHEMBL608986;COc1cccc(Sc2cc3nc(C4CC4)c(/C=C/[C@@H]4C[C@@H](O)CC(=O)O4)c(Sc4cccc(OC)c4)c3cc2F)c1;7100.0;active
CHEMBL1237061;O=C([O-])C[C@H](O)C[C@H](O)/C=C/c1c(C2CC2)nc2ccccc2c1-c1ccc(F)cc1.O=C([O-])C[C@H](O)C[C@H](O)/C=C/c1c(C2CC2)nc2ccccc2c1-c1ccc(F)cc1.[Ca+2];8900.0;active
CHEMBL412060;CC(C)C[C@H](N)C(=O)N1CCC[C@H]1C(=O)N[C@@H](Cc1ccc(O)cc1)C(=O)N1CCC[C@H]1C(=O)O;484720.0;inactive
CHEMBL260510;CC[C@H](C)[C@H](N)C(=O)N[C@@H](C)C(=O)N[C@H](C(=O)N1CCC[C@H]1C(=O)NCC(=O)N[C@@H](CCC(=O)O)C(=O)N[C@H](C(=O)N[C@@H](C)C(=O)O)C(C)C)C(C)C;201120.0;active
CHEMBL1163198;CC[C@H](C)[C@H](N)C(=O)N[C@@H](C)C(=O)N[C@H](C(=O)N1CCC[C@H]1C(=O)N[C@H](C(=O)NCC(=O)N[C@H](C(=O)N[C@@H](C)C(=O)O)C(C)C)[C@@H](C)O)C(C)C;152190.0;active
CHEMBL261334;CC(C)C[C@H](NC(=O)CN)C(=O)N1CCC[C@H]1C(=O)N[C@H](C(=O)NCC(=O)NCC(=O)O)[C@@H](C)O;19430.0;active
CHEMBL412295;CC(C)C[C@H](NC(=O)CN)C(=O)N1CCC[C@H]1C(=O)N[C@@H](CC(=O)O)C(=O)NCC(=O)NCC(=O)O;22310.0;active
CHEMBL410639;CC(C)C[C@H](NC(=O)CN)C(=O)N1CCC[C@H]1C(=O)N[C@@H](CCC(=O)O)C(=O)NCC(=O)NCC(=O)O;27280.0;active
CHEMBL258999;C[C@@H](O)[C@H](NC(=O)[C@@H]1CCCN1C(=O)[C@H](Cc1ccccc1)NC(=O)CN)C(=O)NCC(=O)NCC(=O)O;16940.0;active
CHEMBL261622;NCC(=O)N[C@@H](Cc1ccccc1)C(=O)N1CCC[C@H]1C(=O)N[C@@H](CC(=O)O)C(=O)NCC(=O)NCC(=O)O;1520.0;active
CHEMBL261621;NCC(=O)N[C@@H](Cc1ccccc1)C(=O)N1CCC[C@H]1C(=O)N[C@@H](CCC(=O)O)C(=O)NCC(=O)NCC(=O)O;1780.0;active
CHEMBL1164546;C[C@@H](O)[C@H](NC(=O)[C@@H]1CCCN1C(=O)[C@H](Cc1ccc(F)cc1)NC(=O)CN)C(=O)NCC(=O)NCC(=O)O;4820.0;active
CHEMBL1164157;NCC(=O)N[C@@H](Cc1ccc(F)cc1)C(=O)N1CCC[C@H]1C(=O)N[C@@H](CC(=O)O)C(=O)NCC(=O)NCC(=O)O;6950.0;inactive
CHEMBL1165099;NCC(=O)N[C@@H](Cc1ccc(F)cc1)C(=O)N1CCC[C@H]1C(=O)N[C@@H](CCC(=O)O)C(=O)NCC(=O)NCC(=O)O;750.0;inactive
CHEMBL259240;CC[C@H](C)[C@H](N)C(=O)N[C@@H](C)C(=O)N[C@H](C(=O)N[C@@H](CCC(=O)O)C(=O)O)C(C)C;75230.0;active
CHEMBL261748;CC[C@H](C)[C@H](N)C(=O)N[C@H](C(=O)N[C@@H](C)C(=O)N[C@@H](CCC(=O)O)C(=O)O)C(C)C;52670.0;active
CHEMBL409841;CC(C)[C@H](NC(=O)[C@H](C)NC(=O)[C@@H](N)Cc1ccc(O)cc1)C(=O)N[C@@H](CCC(=O)O)C(=O)O;44810.0;active
CHEMBL411443;CC(C)[C@H](NC(=O)[C@@H](N)Cc1ccc(O)cc1)C(=O)N[C@@H](C)C(=O)N[C@@H](CCC(=O)O)C(=O)O;41210.0;active
CHEMBL1163145;CC(C)[C@H](NC(=O)[C@H](Cc1ccc(O)cc1)NC(=O)[C@H](Cc1ccccc1)NC(=O)[C@@H](N)Cc1ccccc1)C(=O)N[C@@H](C)C(=O)N[C@@H](CCC(=O)O)C(=O)O;2560.0;active
CHEMBL1165259;CC(C)[C@H](NC(=O)[C@H](Cc1ccc(O)cc1)NC(=O)[C@@H]1CCCN1C(=O)[C@@H](N)Cc1ccccc1)C(=O)N[C@@H](C)C(=O)N[C@@H](CCC(=O)O)C(=O)O;1470.0;active
CHEMBL1163723;CC(C)[C@H](NC(=O)[C@H](Cc1ccc(O)cc1)NC(=O)CNC(=O)[C@@H](N)Cc1ccccc1)C(=O)N[C@@H](C)C(=O)N[C@@H](CCC(=O)O)C(=O)O;410.0;active
CHEMBL258583;CC(C)[C@H](NC(=O)[C@@H](N)Cc1ccc(F)cc1)C(=O)N[C@@H](C)C(=O)N[C@@H](CCC(=O)O)C(=O)O;3840.0;active
CHEMBL1163146;CC(C)[C@H](NC(=O)[C@H](Cc1ccc(F)cc1)NC(=O)CNC(=O)[C@@H](N)Cc1ccccc1)C(=O)N[C@@H](C)C(=O)N[C@@H](CCC(=O)O)C(=O)O;8520.0;active
CHEMBL1163149;CC(C)[C@H](NC(=O)[C@H](Cc1ccc(O)cc1)NC(=O)CNC(=O)[C@H](Cc1ccccc1)NC(=O)CN)C(=O)N[C@@H](C)C(=O)N[C@@H](CCC(=O)O)C(=O)O;270.0;active
CHEMBL1165024;CC(C)[C@H](NC(=O)[C@H](Cc1ccc(O)cc1)NC(=O)CNC(=O)[C@H](Cc1ccccc1)NC(=O)[C@@H](N)[C@@H](C)O)C(=O)N[C@@H](C)C(=O)N[C@@H](CCC(=O)O)C(=O)O;260.0;active
CHEMBL1163804;CC(C)[C@H](NC(=O)[C@H](Cc1ccc(O)cc1)NC(=O)CNC(=O)[C@H](Cc1ccccc1)NC(=O)[C@@H](N)CC(=O)O)C(=O)N[C@@H](C)C(=O)N[C@@H](CCC(=O)O)C(=O)O;160.0;active
CHEMBL1163150;CC(C)[C@H](NC(=O)[C@H](Cc1ccc(O)cc1)NC(=O)CNC(=O)[C@H](Cc1ccccc1)NC(=O)[C@@H](N)CCC(=O)O)C(=O)N[C@@H](C)C(=O)N[C@@H](CCC(=O)O)C(=O)O;240.0;active
CHEMBL486985;CC1=CCC[C@@H]2[C@@](C)(CCC3=CC(=O)O[C@@H]3O)[C@H](C)CC[C@@]12C;30200.0;active
CHEMBL503;CC[C@H](C)C(=O)O[C@H]1C[C@@H](C)C=C2C=C[C@H](C)[C@H](CC[C@@H]3C[C@@H](O)CC(=O)O3)[C@H]21;20100.0;active
CHEMBL1487;CC(C)c1c(C(=O)Nc2ccccc2)c(-c2ccccc2)c(-c2ccc(F)cc2)n1CC[C@@H](O)C[C@@H](O)CC(=O)O;0.227;
CHEMBL2220442;CC(C)n1c(/C=C/C(O)CC(O)CC(=O)O)c(-c2ccc(F)cc2)c2ccccc21;0.353;
CHEMBL1729;COc1cc(N)c(Cl)cc1C(=O)NC1CCN(CCCOc2ccc(F)cc2)CC1OC;3370.0;
CHEMBL1477;COCc1c(C(C)C)nc(C(C)C)c(/C=C/[C@@H](O)C[C@@H](O)CC(=O)O)c1-c1ccc(F)cc1;0.085;
CHEMBL1144;CC[C@H](C)C(=O)O[C@H]1C[C@H](O)C=C2C=C[C@H](C)[C@H](CC[C@@H](O)C[C@@H](O)CC(=O)O)[C@H]21;5.591;
CHEMBL503;CC[C@H](C)C(=O)O[C@H]1C[C@@H](C)C=C2C=C[C@H](C)[C@H](CC[C@@H]3C[C@@H](O)CC(=O)O3)[C@H]21;20.0;
CHEMBL54440;CC[C@H](C)C(=O)O[C@H]1CCC=C2C=C[C@H](C)[C@H](CC[C@@H]3C[C@@H](O)CC(=O)O3)[C@H]21;119.0;
CHEMBL506247;O=C(OC[C@H]1O[C@@H](OC(=O)c2cc(O)c(O)c(OC(=O)c3cc(O)c(O)c(O)c3)c2)[C@H](OC(=O)c2cc(O)c(O)c(OC(=O)c3cc(O)c(O)c(O)c3)c2)[C@@H](OC(=O)c2cc(O)c(O)c(OC(=O)c3cc(O)c(O)c(O)c3)c2)[C@@H]1OC(=O)c1cc(O)c(O)c(OC(=O)c2cc(O)c(O)c(O)c2)c1)c1cc(O)c(O)c(OC(=O)c2cc(O)c(O)c(O)c2)c1;3127.0;
CHEMBL1064;CCC(C)(C)C(=O)O[C@H]1C[C@@H](C)C=C2C=C[C@H](C)[C@H](CC[C@@H]3C[C@@H](O)CC(=O)O3)[C@H]21;3.39;
CHEMBL2347009;CC(C)c1nc(N(C)S(C)(=O)=O)nc(-c2ccc(F)cc2)c1/C=C/[C@@H](O)C[C@@H](O)CC(=O)NO;14900.0;
CHEMBL2347008;CC(C)c1c(C(=O)Nc2ccccc2)c(-c2ccccc2)c(-c2ccc(F)cc2)n1CC[C@@H](O)C[C@@H](O)CC(=O)NO;5700.0;
CHEMBL2347007;CCC(C)(C)C(=O)O[C@H]1C[C@@H](C)C=C2C=C[C@H](C)[C@H](CC[C@@H](O)C[C@@H](O)CC(=O)NO)[C@H]21;7900.0;
CHEMBL2347006;CC[C@H](C)C(=O)O[C@H]1C[C@@H](C)C=C2C=C[C@H](C)[C@H](CC[C@@H](O)C[C@@H](O)CC(=O)NO)[C@H]21;15900.0;
CHEMBL2347005;C[C@H]1C=C2C=C[C@H](C)[C@H](CC[C@@H]3C[C@@H](O[Si](C)(C)C(C)(C)C)CC(=O)O3)[C@H]2[C@@H](OC(=O)NCCCCCCC(=O)NO)C1;13200.0;
CHEMBL2347011;C[C@H]1C=C2C=C[C@H](C)[C@H](CC[C@@H]3C[C@@H](O[Si](C)(C)C(C)(C)C)CC(=O)O3)[C@H]2[C@@H](OC(=O)NCc2ccc(-c3cn(CCCCCCC(=O)NO)nn3)cc2)C1;16100.0;
CHEMBL2347010;C[C@H]1C=C2C=C[C@H](C)[C@H](CC[C@@H]3C[C@@H](O[Si](C)(C)C(C)(C)C)CC(=O)O3)[C@H]2[C@@H](OC(=O)Nc2ccc(-c3cn(CCCCCCC(=O)NO)nn3)cc2)C1;22300.0;
CHEMBL503;CC[C@H](C)C(=O)O[C@H]1C[C@@H](C)C=C2C=C[C@H](C)[C@H](CC[C@@H]3C[C@@H](O)CC(=O)O3)[C@H]21;19800.0;
CHEMBL2347009;CC(C)c1nc(N(C)S(C)(=O)=O)nc(-c2ccc(F)cc2)c1/C=C/[C@@H](O)C[C@@H](O)CC(=O)NO;43.7;
CHEMBL2347008;CC(C)c1c(C(=O)Nc2ccccc2)c(-c2ccccc2)c(-c2ccc(F)cc2)n1CC[C@@H](O)C[C@@H](O)CC(=O)NO;12.3;
CHEMBL2347007;CCC(C)(C)C(=O)O[C@H]1C[C@@H](C)C=C2C=C[C@H](C)[C@H](CC[C@@H](O)C[C@@H](O)CC(=O)NO)[C@H]21;13.1;
CHEMBL2347006;CC[C@H](C)C(=O)O[C@H]1C[C@@H](C)C=C2C=C[C@H](C)[C@H](CC[C@@H](O)C[C@@H](O)CC(=O)NO)[C@H]21;16.8;
CHEMBL2347005;C[C@H]1C=C2C=C[C@H](C)[C@H](CC[C@@H]3C[C@@H](O[Si](C)(C)C(C)(C)C)CC(=O)O3)[C@H]2[C@@H](OC(=O)NCCCCCCC(=O)NO)C1;54.1;
CHEMBL2347011;C[C@H]1C=C2C=C[C@H](C)[C@H](CC[C@@H]3C[C@@H](O[Si](C)(C)C(C)(C)C)CC(=O)O3)[C@H]2[C@@H](OC(=O)NCc2ccc(-c3cn(CCCCCCC(=O)NO)nn3)cc2)C1;53.8;
CHEMBL2347010;C[C@H]1C=C2C=C[C@H](C)[C@H](CC[C@@H]3C[C@@H](O[Si](C)(C)C(C)(C)C)CC(=O)O3)[C@H]2[C@@H](OC(=O)Nc2ccc(-c3cn(CCCCCCC(=O)NO)nn3)cc2)C1;36.5;
CHEMBL98;O=C(CCCCCCC(=O)Nc1ccccc1)NO;10000.0;
CHEMBL1487;CC(C)c1c(C(=O)Nc2ccccc2)c(-c2ccccc2)c(-c2ccc(F)cc2)n1CC[C@@H](O)C[C@@H](O)CC(=O)O;12.9;
CHEMBL503;CC[C@H](C)C(=O)O[C@H]1C[C@@H](C)C=C2C=C[C@H](C)[C@H](CC[C@@H]3C[C@@H](O)CC(=O)O3)[C@H]21;29.5;
CHEMBL3318042;CC(C)n1c(/C=C/[C@@H](O)C(F)(F)[C@@H](O)CC(=O)[O-])c(-c2ccc(F)cc2)c2ccccc21.[Na+];8.892;
CHEMBL1163691;CCCc1cc(OC)c(OC)cc1O;4790.0;
CHEMBL1163189;CCCc1cc(OC)c(OCC(=O)OC)cc1O;6110.0;
CHEMBL3344536;CCC(=O)c1cc(OC)c(OC)cc1O;4940.0;
CHEMBL3344540;CCCC(=O)c1cc(OC)c(OCC(=O)OC)cc1O;6430.0;
CHEMBL333306;C/C=C/c1cc(OC)c(OC)cc1OC;5860.0;
CHEMBL1064;CCC(C)(C)C(=O)O[C@H]1C[C@@H](C)C=C2C=C[C@H](C)[C@H](CC[C@@H]3C[C@@H](O)CC(=O)O3)[C@H]21;6110.0;
CHEMBL1163691;CCCc1cc(OC)c(OC)cc1O;22.91;
CHEMBL1163189;CCCc1cc(OC)c(OCC(=O)OC)cc1O;39.81;
CHEMBL3344536;CCC(=O)c1cc(OC)c(OC)cc1O;24.55;
CHEMBL3344540;CCCC(=O)c1cc(OC)c(OCC(=O)OC)cc1O;44.67;
CHEMBL333306;C/C=C/c1cc(OC)c(OC)cc1OC;36.31;
CHEMBL1064;CCC(C)(C)C(=O)O[C@H]1C[C@@H](C)C=C2C=C[C@H](C)[C@H](CC[C@@H]3C[C@@H](O)CC(=O)O3)[C@H]21;39.81;
CHEMBL2203597;C/C(=C\CC[C@@H](C)[C@H]1CC[C@@]2(C)C3=C(CC[C@]12C)[C@@]1(C)CC[C@H](O)C(C)(C)[C@@H]1CC3=O)C(=O)O;22300.0;
CHEMBL2203595;C/C(=C\CC[C@@H](C)[C@H]1C[C@H](O)[C@@]2(C)C3=CC[C@H]4C(C)(C)C(=O)CC[C@]4(C)C3=CC[C@]12C)C(=O)O;21700.0;
CHEMBL3986260;CC[C@H](C)C(=O)O[C@H]1C[C@@H](C)[C@H](O)C2=C[C@@H](O)[C@H](C)[C@H](CC[C@@H]3CC=CC(=O)O3)[C@H]21;387000.0;
CHEMBL1144;CC[C@H](C)C(=O)O[C@H]1C[C@H](O)C=C2C=C[C@H](C)[C@H](CC[C@@H](O)C[C@@H](O)CC(=O)O)[C@H]21;400.0;
CHEMBL1496;CC(C)c1nc(N(C)S(C)(=O)=O)nc(-c2ccc(F)cc2)c1/C=C/[C@@H](O)C[C@@H](O)CC(=O)O;4.0;
CHEMBL3941657;COC1C[C@@H](OC(=O)c2cccnc2)C[C@H](/C=C/c2c(-c3ccc(F)cc3)nc(N(C)S(C)(=O)=O)nc2C(C)C)O1;1.0;
CHEMBL3971241;CCCOC1C[C@@H](OC(=O)c2cccnc2)C[C@H](/C=C/c2c(-c3ccc(F)cc3)nc(N(C)S(C)(=O)=O)nc2C(C)C)O1;8.0;
CHEMBL3963593;CC(C)OC1C[C@@H](OCc2ccccc2)C[C@H](/C=C/c2c(-c3ccc(F)cc3)nc(N(C)S(C)(=O)=O)nc2C(C)C)O1;1.0;
CHEMBL3684074;COC1C[C@H](OCc2ccccc2)C[C@@H](/C=C/c2c(-c3ccc(F)cc3)nc(N(C)S(C)(=O)=O)nc2C(C)C)O1;22.0;
CHEMBL3677707;CC(C)c1nc(N(C)S(C)(=O)=O)nc(-c2ccc(F)cc2)c1/C=C/[C@@H]1C[C@@H](OCc2ccccc2)CC(OC(C)(C)C)O1;4.0;
CHEMBL3677708;C=CCOC1C[C@H](OCc2ccccc2)C[C@@H](/C=C/c2c(-c3ccc(F)cc3)nc(N(C)S(C)(=O)=O)nc2C(C)C)O1;3.0;
CHEMBL3677709;CC(C)c1nc(N(C)S(C)(=O)=O)nc(-c2ccc(F)cc2)c1/C=C/[C@@H]1C[C@@H](OCc2ccccc2)CC(OCC(Cl)(Cl)Cl)O1;2.0;
CHEMBL3985556;CC(C)c1nc(N(C)S(C)(=O)=O)nc(-c2ccc(F)cc2)c1/C=C/[C@H]1C[C@H](O)CC(Oc2c(F)cc(F)cc2F)O1;1.0;
CHEMBL3906659;COc1ccc(OC2C[C@@H](O)C[C@H](/C=C/c3c(-c4ccc(F)cc4)nc(N(C)S(C)(=O)=O)nc3C(C)C)O2)c(OC)c1;2.0;
CHEMBL3896765;CC(C)c1nc(N(C)S(C)(=O)=O)nc(-c2ccc(F)cc2)c1/C=C/[C@H]1C[C@H](O)CC(OCC(Cl)(Cl)Cl)O1;2.0;
CHEMBL3971439;CCCOC1C[C@@H](O)C[C@H](/C=C/c2c(-c3ccc(F)cc3)nc(N(C)S(C)(=O)=O)nc2C(C)C)O1;10.0;
CHEMBL503;CC[C@H](C)C(=O)O[C@H]1C[C@@H](C)C=C2C=C[C@H](C)[C@H](CC[C@@H]3C[C@@H](O)CC(=O)O3)[C@H]21;29.5;
CHEMBL3704922;C#Cc1ccc(NC(=O)O[C@H]2C[C@@H](C)C=C3C=C[C@H](C)[C@H](CC[C@@H]4C[C@@H](O[Si](C)(C)C(C)(C)C)CC(=O)O4)[C@H]32)cc1;36.5;
CHEMBL3704923;C#Cc1ccc(CNC(=O)O[C@H]2C[C@@H](C)C=C3C=C[C@H](C)[C@H](CC[C@@H]4C[C@@H](O[Si](C)(C)C(C)(C)C)CC(=O)O4)[C@H]32)cc1;53.8;
CHEMBL2347010;C[C@H]1C=C2C=C[C@H](C)[C@H](CC[C@@H]3C[C@@H](O[Si](C)(C)C(C)(C)C)CC(=O)O3)[C@H]2[C@@H](OC(=O)Nc2ccc(-c3cn(CCCCCCC(=O)NO)nn3)cc2)C1;36.5;
CHEMBL2347011;C[C@H]1C=C2C=C[C@H](C)[C@H](CC[C@@H]3C[C@@H](O[Si](C)(C)C(C)(C)C)CC(=O)O3)[C@H]2[C@@H](OC(=O)NCc2ccc(-c3cn(CCCCCCC(=O)NO)nn3)cc2)C1;53.8;
CHEMBL2347005;C[C@H]1C=C2C=C[C@H](C)[C@H](CC[C@@H]3C[C@@H](O[Si](C)(C)C(C)(C)C)CC(=O)O3)[C@H]2[C@@H](OC(=O)NCCCCCCC(=O)NO)C1;54.1;
CHEMBL98;O=C(CCCCCCC(=O)Nc1ccccc1)NO;10000.0;
CHEMBL503;CC[C@H](C)C(=O)O[C@H]1C[C@@H](C)C=C2C=C[C@H](C)[C@H](CC[C@@H]3C[C@@H](O)CC(=O)O3)[C@H]21;29.5;
CHEMBL1487;CC(C)c1c(C(=O)Nc2ccccc2)c(-c2ccccc2)c(-c2ccc(F)cc2)n1CC[C@@H](O)C[C@@H](O)CC(=O)O;11.6;
CHEMBL3970138;CCC(C)C(=O)OC1C[C@@H](C)C=C2C=C[C@H](C)[C@H](CC[C@@H](O)C[C@@H](O)CC(=O)NO)[C@H]21;16.8;
CHEMBL2347007;CCC(C)(C)C(=O)O[C@H]1C[C@@H](C)C=C2C=C[C@H](C)[C@H](CC[C@@H](O)C[C@@H](O)CC(=O)NO)[C@H]21;11.4;
CHEMBL2347008;CC(C)c1c(C(=O)Nc2ccccc2)c(-c2ccccc2)c(-c2ccc(F)cc2)n1CC[C@@H](O)C[C@@H](O)CC(=O)NO;9.2;
CHEMBL2347009;CC(C)c1nc(N(C)S(C)(=O)=O)nc(-c2ccc(F)cc2)c1/C=C/[C@@H](O)C[C@@H](O)CC(=O)NO;43.7;
CHEMBL1064;CCC(C)(C)C(=O)O[C@H]1C[C@@H](C)C=C2C=C[C@H](C)[C@H](CC[C@@H]3C[C@@H](O)CC(=O)O3)[C@H]21;0.9;
CHEMBL4088701;CC[C@@H](C)C(=O)O[C@H]1C[C@@H](C)C=C2C=C[C@H](C)[C@H](CC[C@@H]3C[C@@H](O)CC(=O)O3)[C@H]21;2.2;
CHEMBL503;CC[C@H](C)C(=O)O[C@H]1C[C@@H](C)C=C2C=C[C@H](C)[C@H](CC[C@@H]3C[C@@H](O)CC(=O)O3)[C@H]21;2.2;
CHEMBL54440;CC[C@H](C)C(=O)O[C@H]1CCC=C2C=C[C@H](C)[C@H](CC[C@@H]3C[C@@H](O)CC(=O)O3)[C@H]21;23.0;
CHEMBL2393053;CC(C)=C[C@H]1C[C@H](C)[C@]2(CC[C@]3(C)C[C@@H]4C(C)=CC(=O)[C@H]4/C(C=O)=C\C[C@H]32)O1;8400.0;
CHEMBL5218794;Cc1ncsc1-c1ccc(CNC(=O)[C@@H]2C[C@@H](O)CN2C(=O)[C@H](NC(=O)CCCCCCCCCCNC(=O)OC2C[C@@H](C)C=C3C=C[C@H](C)[C@H](CC[C@@H]4C[C@@H](O)CC(=O)O4)[C@H]32)C(C)(C)C)cc1;1300.0;
CHEMBL5220731;Cc1ncsc1-c1ccc(CNC(=O)[C@@H]2C[C@@H](O)CN2C(=O)[C@H](NC(=O)CCCCCCCCCCNC(=O)OC2C[C@@H](C)C=C3C=C[C@H](C)[C@H](CC[C@@H](O)C[C@@H](O)CC=O)[C@H]32)C(C)(C)C)cc1;250.0;
;;;active
;;;active
;;;inactive
;;;inactive
;;;active
;;;active
;;;active
;;;active
;;;inactive
;;;active
;;;active
;;;active
;;;active
;;;active
;;;active
;;;active
;;;active
;;;active
;;;active
;;;active
